code,system
67H8.00,readv2
G20z.11,readv2
661M600,readv2
6629.00,readv2
G203.00,readv2
6146200,readv2
G202.00,readv2
9OIA.11,readv2
662P000,readv2
662c.00,readv2
G2y..00,readv2
7Q01y00,readv2
662q.00,readv2
8IA5.00,readv2
G24z000,readv2
G240000,readv2
G241000,readv2
9OI..00,readv2
9OI..11,readv2
G20..00,readv2
G20z.00,readv2
8I3N.00,readv2
662O.00,readv2
662F.00,readv2
G2...00,readv2
Gyu2.00,readv2
G2z..00,readv2
662G.00,readv2
G2...11,readv2
9N1y200,readv2
8CR4.00,readv2
8HT5.00,readv2
G24z.00,readv2
G24z100,readv2
G24..00,readv2
G24zz00,readv2
G244.00,readv2
662..12,readv2
662P.00,readv2
G240.00,readv2
G240z00,readv2
G200.00,readv2
Gyu2100,readv2
Gyu2000,readv2
662b.00,readv2
6627.00,readv2
6628.00,readv2
G28..00,readv2
G25..00,readv2
G25..11,readv2
8B26.00,readv2
G27..00,readv2
8BL0.00,readv2
662d.00,readv2
U60C51A,readv2
U60C511,readv2
G201.00,readv2
G241z00,readv2
G241.00,readv2
G26..11,readv2
G26..00,readv2